-- MySQL dump 10.13  Distrib 8.0.44, for Win64 (x86_64)
--
-- Host: 127.0.0.1    Database: gestao_restaurante
-- ------------------------------------------------------
-- Server version	8.4.7

/*!40101 SET @OLD_CHARACTER_SET_CLIENT=@@CHARACTER_SET_CLIENT */;
/*!40101 SET @OLD_CHARACTER_SET_RESULTS=@@CHARACTER_SET_RESULTS */;
/*!40101 SET @OLD_COLLATION_CONNECTION=@@COLLATION_CONNECTION */;
/*!50503 SET NAMES utf8 */;
/*!40103 SET @OLD_TIME_ZONE=@@TIME_ZONE */;
/*!40103 SET TIME_ZONE='+00:00' */;
/*!40014 SET @OLD_UNIQUE_CHECKS=@@UNIQUE_CHECKS, UNIQUE_CHECKS=0 */;
/*!40014 SET @OLD_FOREIGN_KEY_CHECKS=@@FOREIGN_KEY_CHECKS, FOREIGN_KEY_CHECKS=0 */;
/*!40101 SET @OLD_SQL_MODE=@@SQL_MODE, SQL_MODE='NO_AUTO_VALUE_ON_ZERO' */;
/*!40111 SET @OLD_SQL_NOTES=@@SQL_NOTES, SQL_NOTES=0 */;

--
-- Table structure for table `categorias`
--

DROP TABLE IF EXISTS `categorias`;
/*!40101 SET @saved_cs_client     = @@character_set_client */;
/*!50503 SET character_set_client = utf8mb4 */;
CREATE TABLE `categorias` (
  `id` int NOT NULL AUTO_INCREMENT,
  `nome` varchar(100) COLLATE utf8mb4_unicode_ci NOT NULL,
  `data_criacao` datetime DEFAULT CURRENT_TIMESTAMP,
  PRIMARY KEY (`id`)
) ENGINE=InnoDB AUTO_INCREMENT=4 DEFAULT CHARSET=utf8mb4 COLLATE=utf8mb4_unicode_ci;
/*!40101 SET character_set_client = @saved_cs_client */;

--
-- Dumping data for table `categorias`
--

LOCK TABLES `categorias` WRITE;
/*!40000 ALTER TABLE `categorias` DISABLE KEYS */;
INSERT INTO `categorias` VALUES (1,'Lanches Especiais','2026-03-12 09:00:15'),(2,'PorûÏûçes','2026-03-12 09:00:15'),(3,'Bebidas','2026-03-12 09:00:15');
/*!40000 ALTER TABLE `categorias` ENABLE KEYS */;
UNLOCK TABLES;

--
-- Table structure for table `funcionarios`
--

DROP TABLE IF EXISTS `funcionarios`;
/*!40101 SET @saved_cs_client     = @@character_set_client */;
/*!50503 SET character_set_client = utf8mb4 */;
CREATE TABLE `funcionarios` (
  `id` int NOT NULL AUTO_INCREMENT,
  `nome` varchar(150) COLLATE utf8mb4_unicode_ci NOT NULL,
  `email` varchar(150) COLLATE utf8mb4_unicode_ci NOT NULL,
  `senha_hash` varchar(255) COLLATE utf8mb4_unicode_ci NOT NULL,
  `nivel_acesso` enum('admin','gerente','atendente','cozinha') COLLATE utf8mb4_unicode_ci NOT NULL DEFAULT 'atendente',
  `ativo` tinyint(1) DEFAULT '1',
  `data_criacao` datetime DEFAULT CURRENT_TIMESTAMP,
  PRIMARY KEY (`id`),
  UNIQUE KEY `email` (`email`)
) ENGINE=InnoDB AUTO_INCREMENT=2 DEFAULT CHARSET=utf8mb4 COLLATE=utf8mb4_unicode_ci;
/*!40101 SET character_set_client = @saved_cs_client */;

--
-- Dumping data for table `funcionarios`
--

LOCK TABLES `funcionarios` WRITE;
/*!40000 ALTER TABLE `funcionarios` DISABLE KEYS */;
INSERT INTO `funcionarios` VALUES (1,'Administrador','admin@restaurante.com','$2y$10$wE/.76Tz5.zB8H5lR.1Yw.4H4F8G5K3y1y3T7q8V8y8q8q8q8q8q','admin',1,'2026-03-12 09:00:15');
/*!40000 ALTER TABLE `funcionarios` ENABLE KEYS */;
UNLOCK TABLES;

--
-- Table structure for table `itens_pedido`
--

DROP TABLE IF EXISTS `itens_pedido`;
/*!40101 SET @saved_cs_client     = @@character_set_client */;
/*!50503 SET character_set_client = utf8mb4 */;
CREATE TABLE `itens_pedido` (
  `id` int NOT NULL AUTO_INCREMENT,
  `id_pedido` int NOT NULL,
  `id_produto` int NOT NULL,
  `nome` varchar(150) COLLATE utf8mb4_unicode_ci NOT NULL,
  `quantidade` int NOT NULL DEFAULT '1',
  `subtotal` decimal(10,2) NOT NULL,
  PRIMARY KEY (`id`),
  KEY `fk_item_pedido` (`id_pedido`),
  KEY `fk_item_produto` (`id_produto`),
  CONSTRAINT `fk_item_pedido` FOREIGN KEY (`id_pedido`) REFERENCES `pedidos` (`id`) ON DELETE CASCADE
) ENGINE=InnoDB AUTO_INCREMENT=6 DEFAULT CHARSET=utf8mb4 COLLATE=utf8mb4_unicode_ci;
/*!40101 SET character_set_client = @saved_cs_client */;

--
-- Dumping data for table `itens_pedido`
--

LOCK TABLES `itens_pedido` WRITE;
/*!40000 ALTER TABLE `itens_pedido` DISABLE KEYS */;
INSERT INTO `itens_pedido` VALUES (4,32,0,'',1,50.00),(5,33,0,'',1,30.00);
/*!40000 ALTER TABLE `itens_pedido` ENABLE KEYS */;
UNLOCK TABLES;

--
-- Table structure for table `mesas`
--

DROP TABLE IF EXISTS `mesas`;
/*!40101 SET @saved_cs_client     = @@character_set_client */;
/*!50503 SET character_set_client = utf8mb4 */;
CREATE TABLE `mesas` (
  `id` int NOT NULL AUTO_INCREMENT,
  `numero` int NOT NULL,
  `capacidade` int NOT NULL,
  `status` enum('livre','ocupada','manutencao') COLLATE utf8mb4_unicode_ci DEFAULT 'livre',
  PRIMARY KEY (`id`)
) ENGINE=InnoDB AUTO_INCREMENT=7 DEFAULT CHARSET=utf8mb4 COLLATE=utf8mb4_unicode_ci;
/*!40101 SET character_set_client = @saved_cs_client */;

--
-- Dumping data for table `mesas`
--

LOCK TABLES `mesas` WRITE;
/*!40000 ALTER TABLE `mesas` DISABLE KEYS */;
INSERT INTO `mesas` VALUES (2,1,2,'livre'),(4,2,10,'livre'),(5,5,5,'livre'),(6,3,6,'livre');
/*!40000 ALTER TABLE `mesas` ENABLE KEYS */;
UNLOCK TABLES;

--
-- Table structure for table `pagamentos`
--

DROP TABLE IF EXISTS `pagamentos`;
/*!40101 SET @saved_cs_client     = @@character_set_client */;
/*!50503 SET character_set_client = utf8mb4 */;
CREATE TABLE `pagamentos` (
  `id` int NOT NULL AUTO_INCREMENT,
  `id_pedido` int NOT NULL,
  `metodo` varchar(50) COLLATE utf8mb4_general_ci NOT NULL,
  `valor` decimal(10,2) NOT NULL,
  `troco_para` decimal(10,2) DEFAULT NULL,
  `status` varchar(20) COLLATE utf8mb4_general_ci DEFAULT 'concluido',
  `data_pagamento` timestamp NOT NULL DEFAULT CURRENT_TIMESTAMP,
  PRIMARY KEY (`id`)
) ENGINE=InnoDB AUTO_INCREMENT=8 DEFAULT CHARSET=utf8mb4 COLLATE=utf8mb4_general_ci;
/*!40101 SET character_set_client = @saved_cs_client */;

--
-- Dumping data for table `pagamentos`
--

LOCK TABLES `pagamentos` WRITE;
/*!40000 ALTER TABLE `pagamentos` DISABLE KEYS */;
INSERT INTO `pagamentos` VALUES (1,26,'CartûÈo de Crûˋdito',35.90,NULL,'concluido','2026-03-20 18:49:27'),(2,27,'CartûÈo de Crûˋdito',7.00,NULL,'concluido','2026-03-20 18:56:16'),(3,28,'CartûÈo de Crûˋdito',7.00,NULL,'concluido','2026-03-20 18:57:28'),(4,29,'CartûÈo de Crûˋdito',7.00,NULL,'concluido','2026-03-20 19:00:20'),(5,30,'CartûÈo de Crûˋdito',50.00,NULL,'concluido','2026-03-20 21:39:17'),(6,32,'CartûÈo de Crûˋdito',50.00,NULL,'concluido','2026-03-20 22:28:02'),(7,33,'CartûÈo de Dûˋbito',30.00,NULL,'concluido','2026-03-20 22:28:39');
/*!40000 ALTER TABLE `pagamentos` ENABLE KEYS */;
UNLOCK TABLES;

--
-- Table structure for table `pedidos`
--

DROP TABLE IF EXISTS `pedidos`;
/*!40101 SET @saved_cs_client     = @@character_set_client */;
/*!50503 SET character_set_client = utf8mb4 */;
CREATE TABLE `pedidos` (
  `id` int NOT NULL AUTO_INCREMENT,
  `id_mesa` int DEFAULT NULL,
  `tipo` varchar(50) COLLATE utf8mb4_unicode_ci DEFAULT 'salao',
  `status` varchar(50) COLLATE utf8mb4_unicode_ci DEFAULT 'aberto',
  `total` decimal(10,2) DEFAULT '0.00',
  `observacoes` text COLLATE utf8mb4_unicode_ci,
  `data_criacao` datetime DEFAULT CURRENT_TIMESTAMP,
  PRIMARY KEY (`id`),
  KEY `fk_pedido_mesa` (`id_mesa`),
  CONSTRAINT `fk_pedido_mesa` FOREIGN KEY (`id_mesa`) REFERENCES `mesas` (`id`)
) ENGINE=InnoDB AUTO_INCREMENT=34 DEFAULT CHARSET=utf8mb4 COLLATE=utf8mb4_unicode_ci;
/*!40101 SET character_set_client = @saved_cs_client */;

--
-- Dumping data for table `pedidos`
--

LOCK TABLES `pedidos` WRITE;
/*!40000 ALTER TABLE `pedidos` DISABLE KEYS */;
INSERT INTO `pedidos` VALUES (32,6,'salao','aberto',50.00,'1x Hamburguer do sergio\r\n','2026-03-20 19:28:02'),(33,2,'salao','aberto',30.00,'1x Batata Frita Tradicional (G)\r\n','2026-03-20 19:28:39');
/*!40000 ALTER TABLE `pedidos` ENABLE KEYS */;
UNLOCK TABLES;

--
-- Table structure for table `produtos`
--

DROP TABLE IF EXISTS `produtos`;
/*!40101 SET @saved_cs_client     = @@character_set_client */;
/*!50503 SET character_set_client = utf8mb4 */;
CREATE TABLE `produtos` (
  `id` int NOT NULL AUTO_INCREMENT,
  `nome` varchar(150) COLLATE utf8mb4_unicode_ci NOT NULL,
  `descricao` text COLLATE utf8mb4_unicode_ci,
  `preco` decimal(10,2) NOT NULL,
  `imagem` varchar(255) COLLATE utf8mb4_unicode_ci DEFAULT NULL,
  `categoria_id` int DEFAULT NULL,
  `ativo` tinyint(1) DEFAULT '1',
  `tem_tamanho` bit(1) DEFAULT b'0',
  PRIMARY KEY (`id`),
  KEY `fk_produto_categoria` (`categoria_id`),
  CONSTRAINT `fk_produto_categoria` FOREIGN KEY (`categoria_id`) REFERENCES `categorias` (`id`) ON DELETE SET NULL
) ENGINE=InnoDB AUTO_INCREMENT=28 DEFAULT CHARSET=utf8mb4 COLLATE=utf8mb4_unicode_ci;
/*!40101 SET character_set_client = @saved_cs_client */;

--
-- Dumping data for table `produtos`
--

LOCK TABLES `produtos` WRITE;
/*!40000 ALTER TABLE `produtos` DISABLE KEYS */;
INSERT INTO `produtos` VALUES (8,'Hamburguer do sergio','Pao somente',50.00,'1774042703_Hamburguerdosergio.png',1,1,_binary '\0'),(11,'bata','fdfdfd',23.00,'placeholder.png',2,1,_binary '\0'),(12,'Lanchao','gfgfgf',44.00,'placeholder.png',1,1,_binary '\0'),(14,'batata recheada','dsdsdsds',45.00,'placeholder.png',2,1,_binary '\0'),(22,'X-salada','x-salada',0.00,'placeholder.png',1,1,_binary ''),(23,'LuanzûÈo','LuanzûÈo preto',0.00,'1774110741_Luanzo.jpg',1,1,_binary ''),(24,'x-luan','x-luanzinho bom demais',0.00,'1774112596_xluan.jpg',1,1,_binary ''),(25,'Coca Cola','Coca cola gelada!',0.00,'1774119589_CocaCola.jpg',3,1,_binary ''),(26,'PodrûÈo','Podre',21.30,'placeholder.png',1,1,_binary ''),(27,'SujûÈo','Tete',21.30,'1774119950_Sujo.jpg',1,1,_binary '\0');
/*!40000 ALTER TABLE `produtos` ENABLE KEYS */;
UNLOCK TABLES;

--
-- Table structure for table `valores_produtos_tamanho`
--

DROP TABLE IF EXISTS `valores_produtos_tamanho`;
/*!40101 SET @saved_cs_client     = @@character_set_client */;
/*!50503 SET character_set_client = utf8mb4 */;
CREATE TABLE `valores_produtos_tamanho` (
  `produto_id` int NOT NULL AUTO_INCREMENT,
  `valor_p` decimal(6,3) DEFAULT NULL,
  `valor_m` decimal(6,3) DEFAULT NULL,
  `valor_g` decimal(6,3) DEFAULT NULL,
  KEY `produto_id` (`produto_id`)
) ENGINE=MyISAM AUTO_INCREMENT=26 DEFAULT CHARSET=utf8mb4 COLLATE=utf8mb4_unicode_ci;
/*!40101 SET character_set_client = @saved_cs_client */;

--
-- Dumping data for table `valores_produtos_tamanho`
--

LOCK TABLES `valores_produtos_tamanho` WRITE;
/*!40000 ALTER TABLE `valores_produtos_tamanho` DISABLE KEYS */;
INSERT INTO `valores_produtos_tamanho` VALUES (23,14.990,39.990,39.990),(22,12.920,32.400,32.400),(24,12.920,32.400,32.400),(25,6.000,15.990,15.990);
/*!40000 ALTER TABLE `valores_produtos_tamanho` ENABLE KEYS */;
UNLOCK TABLES;
/*!40103 SET TIME_ZONE=@OLD_TIME_ZONE */;

/*!40101 SET SQL_MODE=@OLD_SQL_MODE */;
/*!40014 SET FOREIGN_KEY_CHECKS=@OLD_FOREIGN_KEY_CHECKS */;
/*!40014 SET UNIQUE_CHECKS=@OLD_UNIQUE_CHECKS */;
/*!40101 SET CHARACTER_SET_CLIENT=@OLD_CHARACTER_SET_CLIENT */;
/*!40101 SET CHARACTER_SET_RESULTS=@OLD_CHARACTER_SET_RESULTS */;
/*!40101 SET COLLATION_CONNECTION=@OLD_COLLATION_CONNECTION */;
/*!40111 SET SQL_NOTES=@OLD_SQL_NOTES */;

-- Dump completed on 2026-03-21 16:30:34
